sep=;
Estimated Accel;Pelvis angle;Left Hip;Left Knee;Left Ankle;Right Hip;Right Knee;Right Ankle
(0, 12.5, 19.5);(0.5898, 0, 0.03705);(340.9, 359.7, 3.434);(17.26, 0.2271, 3.402);(0.1353, 2.658, 2.504);(340.6, 359.6, 3.436);(17.7, 0.2644, 3.403);(3.072, 0.4423, 2.045);(0, 0, 0)
(0, 12.5, 19.5);(1.117, 0, 0.07205);(341.9, 359.6, 3.526);(15.74, 0.2302, 3.49);(0.8842, 0.7733, 0.6441);(339.8, 359.6, 3.539);(19.17, 0.2689, 3.504);(1.854, 0.9548, 1.27);(0, 0, 0)
(0, 12.5, 29.5);(1.645, 0, 0.1293);(342.2, 359.6, 3.528);(15.3, 0.2279, 3.492);(0.9997, 0.7652, 0.6463);(341.1, 359.6, 3.673);(17.03, 0.2698, 3.634);(0.3098, 1.48, 0.1003);(0, 0, 0)
(0, 12.5, 49.5);(2.21, 0, 0.201);(340.4, 359.7, 3.468);(17.56, 0.1713, 3.422);(0.7377, 0.8585, 2.603);(340.9, 359.7, 3.6);(16.79, 0.2042, 3.557);(0.9896, 0.6931, 1.979);(0, 0, 0)
(0, 12.5, 49.5);(2.229, 0, -0.5754);(31.44, 359.6, 1.779);(25.97, 359.3, 1.879);(0.7515, 1.527, 1.395);(31.51, 359.5, 1.533);(26.07, 359.1, 1.663);(1.052, 1.306, 1.837);(0, 0, 0)
(0, 12.5, 99.5);(2.784, 0, -0.2589);(342.2, 359.7, 3.345);(16.09, 0.1786, 3.321);(0.8566, 2.659, 2.598);(340.3, 359.6, 3.429);(19.28, 0.37, 3.421);(1.783, 0.7015, 1.73);(0, 0, 0)
(0, 12.5, 99.5);(2.787, 0, -1.373);(53.3, 357.8, 359.1);(40.42, 357.5, 359.7);(0.357, 0.362, 2.005);(53.33, 357.4, 358.6);(40.55, 357.5, 359.5);(0.3375, 0.7384, 0.861);(0, 0, 0)
